{"cameraMode":{"drawMode":0,"name":"Shaded","section":"Shading Mode"},"sceneLighting":true,"audioPlay":false,"sceneViewState":{"m_AlwaysRefresh":false,"showFog":true,"showSkybox":true,"showFlares":true,"showImageEffects":true,"showParticleSystems":true,"showVisualEffectGraphs":true,"m_FxEnabled":true},"in2DMode":false,"pivot":{"x":-0.5039429068565369,"y":1.5814416408538819,"z":2.6651394367218019},"rotation":{"x":-0.025710541754961015,"y":-0.9737762808799744,"z":0.1430010199546814,"w":-0.17507873475551606},"size":0.08672475814819336,"orthographic":false}