{"cameraMode":{"drawMode":0,"name":"Shaded","section":"Shading Mode"},"sceneLighting":false,"audioPlay":false,"sceneViewState":{"m_AlwaysRefresh":false,"showFog":true,"showSkybox":false,"showFlares":true,"showImageEffects":true,"showParticleSystems":true,"showVisualEffectGraphs":true,"m_FxEnabled":true},"in2DMode":false,"pivot":{"x":0.12601859867572785,"y":0.5103358626365662,"z":-0.018455805256962777},"rotation":{"x":-0.03463936597108841,"y":-0.09669328480958939,"z":0.003367989556863904,"w":-0.9947090744972229},"size":0.27973583340644839,"orthographic":false}