{"cameraMode":{"drawMode":0,"name":"Shaded","section":"Shading Mode"},"sceneLighting":false,"audioPlay":false,"sceneViewState":{"m_AlwaysRefresh":false,"showFog":true,"showSkybox":false,"showFlares":true,"showImageEffects":true,"showParticleSystems":true,"showVisualEffectGraphs":true,"m_FxEnabled":true},"in2DMode":false,"pivot":{"x":-0.01806046813726425,"y":-0.02074515074491501,"z":-0.03467702493071556},"rotation":{"x":-0.2257002294063568,"y":0.4782241880893707,"z":-0.12865778803825379,"w":-0.8389343619346619},"size":0.1998472958803177,"orthographic":false}